{"cameraMode":{"drawMode":0,"name":"Shaded","section":"Shading Mode"},"sceneLighting":true,"audioPlay":false,"sceneViewState":{"m_AlwaysRefresh":false,"showFog":true,"showSkybox":true,"showFlares":true,"showImageEffects":true,"showParticleSystems":true,"showVisualEffectGraphs":true,"m_FxEnabled":true},"in2DMode":false,"pivot":{"x":20.93437957763672,"y":243.2141571044922,"z":23.310871124267579},"rotation":{"x":-0.045292552560567859,"y":-0.008394386619329453,"z":0.0003806505701504648,"w":-0.9989389181137085},"size":361.16400146484377,"orthographic":false}