{"cameraMode":{"drawMode":0,"name":"Shaded","section":"Shading Mode"},"sceneLighting":true,"audioPlay":false,"sceneViewState":{"m_AlwaysRefresh":false,"showFog":true,"showSkybox":true,"showFlares":true,"showImageEffects":true,"showParticleSystems":true,"showVisualEffectGraphs":true,"m_FxEnabled":true},"in2DMode":false,"pivot":{"x":0.7452458739280701,"y":3.419889450073242,"z":20.818077087402345},"rotation":{"x":0.20582789182662965,"y":-0.000004614661065716064,"z":9.10636231310491e-7,"w":0.9785886406898499},"size":36.284175872802737,"orthographic":false}