{"cameraMode":{"drawMode":0,"name":"Shaded","section":"Shading Mode"},"sceneLighting":true,"audioPlay":false,"sceneViewState":{"m_AlwaysRefresh":false,"showFog":true,"showSkybox":true,"showFlares":true,"showImageEffects":true,"showParticleSystems":true,"showVisualEffectGraphs":true,"m_FxEnabled":true},"in2DMode":false,"pivot":{"x":0.9413399696350098,"y":14.208251953125,"z":12.867278099060059},"rotation":{"x":0.0002894554054364562,"y":0.9996873736381531,"z":0.02518707513809204,"w":-0.01019327063113451},"size":0.38889890909194949,"orthographic":false}