{"cameraMode":{"drawMode":0,"name":"Shaded","section":"Shading Mode"},"sceneLighting":true,"audioPlay":false,"sceneViewState":{"m_AlwaysRefresh":false,"showFog":true,"showSkybox":true,"showFlares":true,"showImageEffects":true,"showParticleSystems":true,"showVisualEffectGraphs":true,"m_FxEnabled":true},"in2DMode":false,"pivot":{"x":9.528393745422364,"y":9.727511405944825,"z":14.00111198425293},"rotation":{"x":0.0943484902381897,"y":0.08203265815973282,"z":-0.007802826818078756,"w":0.9921541213989258},"size":16.557777404785158,"orthographic":false}