{"cameraMode":{"drawMode":0,"name":"Shaded","section":"Shading Mode"},"sceneLighting":true,"audioPlay":false,"sceneViewState":{"m_AlwaysRefresh":false,"showFog":true,"showSkybox":true,"showFlares":true,"showImageEffects":true,"showParticleSystems":true,"showVisualEffectGraphs":true,"m_FxEnabled":true},"in2DMode":false,"pivot":{"x":-1.898047685623169,"y":13.600926399230957,"z":25.707754135131837},"rotation":{"x":-0.05636828765273094,"y":-0.005084984004497528,"z":0.00028655200731009245,"w":-0.9984018206596375},"size":12.650959968566895,"orthographic":false}