{"cameraMode":{"drawMode":0,"name":"Shaded","section":"Shading Mode"},"sceneLighting":true,"audioPlay":false,"sceneViewState":{"m_AlwaysRefresh":false,"showFog":true,"showSkybox":true,"showFlares":true,"showImageEffects":true,"showParticleSystems":true,"showVisualEffectGraphs":true,"m_FxEnabled":true},"in2DMode":false,"pivot":{"x":-1.8536044359207154,"y":17.772048950195314,"z":2.5086894035339357},"rotation":{"x":-0.060272637754678729,"y":-0.00389591371640563,"z":0.00023527577286586165,"w":-0.9981749057769775},"size":6.870843410491943,"orthographic":false}