{"cameraMode":{"drawMode":0,"name":"Shaded","section":"Shading Mode"},"sceneLighting":true,"audioPlay":false,"sceneViewState":{"m_AlwaysRefresh":false,"showFog":true,"showSkybox":true,"showFlares":true,"showImageEffects":true,"showParticleSystems":true,"showVisualEffectGraphs":true,"m_FxEnabled":true},"in2DMode":false,"pivot":{"x":0.9393515586853027,"y":18.08985710144043,"z":12.287353515625},"rotation":{"x":0.0056902258656919,"y":-0.0024007498286664488,"z":-0.00001432723456673557,"w":-0.9999878406524658},"size":3.120405435562134,"orthographic":false}