{"cameraMode":{"drawMode":0,"name":"Shaded","section":"Shading Mode"},"sceneLighting":true,"audioPlay":false,"sceneViewState":{"m_AlwaysRefresh":false,"showFog":true,"showSkybox":true,"showFlares":true,"showImageEffects":true,"showParticleSystems":true,"showVisualEffectGraphs":true,"m_FxEnabled":true},"in2DMode":false,"pivot":{"x":9.528393745422364,"y":9.727511405944825,"z":14.00111198425293},"rotation":{"x":0.1967146098613739,"y":0.054379429668188098,"z":-0.010928982868790627,"w":0.9789192080497742},"size":16.557777404785158,"orthographic":false}