{"cameraMode":{"drawMode":0,"name":"Shaded","section":"Shading Mode"},"sceneLighting":true,"audioPlay":false,"sceneViewState":{"m_AlwaysRefresh":false,"showFog":true,"showSkybox":true,"showFlares":true,"showImageEffects":true,"showParticleSystems":true,"showVisualEffectGraphs":true,"m_FxEnabled":true},"in2DMode":false,"pivot":{"x":4.0798211097717289,"y":4.418953895568848,"z":21.99968147277832},"rotation":{"x":0.3126799166202545,"y":0.11362018436193466,"z":-0.037702709436416629,"w":0.9422854781150818},"size":11.142781257629395,"orthographic":false}