{"cameraMode":{"drawMode":0,"name":"Shaded","section":"Shading Mode"},"sceneLighting":true,"audioPlay":false,"sceneViewState":{"m_AlwaysRefresh":false,"showFog":true,"showSkybox":true,"showFlares":true,"showImageEffects":true,"showParticleSystems":true,"showVisualEffectGraphs":true,"m_FxEnabled":true},"in2DMode":false,"pivot":{"x":6.3094329833984379,"y":19.709386825561525,"z":1.4981346130371094},"rotation":{"x":-0.01949888840317726,"y":0.7653423547744751,"z":-0.023199694231152536,"w":-0.6429347991943359},"size":18.16667938232422,"orthographic":true}