{"cameraMode":{"drawMode":0,"name":"Shaded","section":"Shading Mode"},"sceneLighting":true,"audioPlay":false,"sceneViewState":{"m_AlwaysRefresh":false,"showFog":true,"showSkybox":true,"showFlares":true,"showImageEffects":true,"showParticleSystems":true,"showVisualEffectGraphs":true,"m_FxEnabled":true},"in2DMode":false,"pivot":{"x":-2.1156229972839357,"y":14.357645988464356,"z":9.458083152770996},"rotation":{"x":-0.01526977214962244,"y":0.07252860069274903,"z":-0.0011018624063581229,"w":-0.9972766041755676},"size":5.624651908874512,"orthographic":true}